{"cameraMode":{"drawMode":0,"name":"Shaded","section":"Shading Mode"},"sceneLighting":true,"audioPlay":false,"sceneViewState":{"m_AlwaysRefresh":false,"showFog":true,"showSkybox":true,"showFlares":true,"showImageEffects":true,"showParticleSystems":true,"showVisualEffectGraphs":true,"m_FxEnabled":true},"in2DMode":false,"pivot":{"x":476.65032958984377,"y":109.39608001708985,"z":304.94451904296877},"rotation":{"x":0.3979872465133667,"y":0.49651268124580386,"z":-0.27403122186660769,"w":0.7211054563522339},"size":0.005643193610012531,"orthographic":false}