{"cameraMode":{"drawMode":0,"name":"Shaded","section":"Shading Mode"},"sceneLighting":true,"audioPlay":false,"sceneViewState":{"m_AlwaysRefresh":false,"showFog":true,"showSkybox":true,"showFlares":true,"showImageEffects":true,"showParticleSystems":true,"showVisualEffectGraphs":true,"m_FxEnabled":true},"in2DMode":false,"pivot":{"x":32.37092208862305,"y":0.518133819103241,"z":32.04225158691406},"rotation":{"x":0.08755889534950257,"y":-0.8837420344352722,"z":0.18335780501365663,"w":0.42164111137390139},"size":1.6596369743347169,"orthographic":false}