{"cameraMode":{"drawMode":0,"name":"Shaded","section":"Shading Mode"},"sceneLighting":true,"audioPlay":false,"sceneViewState":{"m_AlwaysRefresh":false,"showFog":true,"showSkybox":true,"showFlares":true,"showImageEffects":true,"showParticleSystems":true,"showVisualEffectGraphs":true,"m_FxEnabled":true},"in2DMode":false,"pivot":{"x":39.805538177490237,"y":0.9938255548477173,"z":29.58237648010254},"rotation":{"x":0.004543926566839218,"y":-0.9954307079315186,"z":0.07390429079532623,"w":0.060962699353694919},"size":3.2029333114624025,"orthographic":false}