{"cameraMode":{"drawMode":0,"name":"Shaded","section":"Shading Mode"},"sceneLighting":true,"audioPlay":false,"sceneViewState":{"m_AlwaysRefresh":false,"showFog":true,"showSkybox":true,"showFlares":true,"showImageEffects":true,"showParticleSystems":true,"showVisualEffectGraphs":true,"m_FxEnabled":true},"in2DMode":false,"pivot":{"x":30.598241806030275,"y":1.5500454902648926,"z":28.163673400878908},"rotation":{"x":-0.13999031484127046,"y":-0.7737893462181091,"z":0.18376277387142182,"w":-0.589873194694519},"size":0.006051762495189905,"orthographic":false}