{"cameraMode":{"drawMode":0,"name":"Shaded","section":"Shading Mode"},"sceneLighting":true,"audioPlay":false,"sceneViewState":{"m_AlwaysRefresh":false,"showFog":true,"showSkybox":true,"showFlares":true,"showImageEffects":true,"showParticleSystems":true,"showVisualEffectGraphs":true,"m_FxEnabled":true},"in2DMode":false,"pivot":{"x":32.16352462768555,"y":1.201170563697815,"z":32.10675048828125},"rotation":{"x":0.026755159720778467,"y":0.9714505672454834,"z":-0.1940016895532608,"w":0.13403122127056123},"size":0.0006348574534058571,"orthographic":false}